,count,mean,std,min,25%,50%,75%,max
Glucose,568132.0,154.89412659910022,62.21376751659844,0.133,116.0,141.0,177.0,948.0
Bolus,145678.0,7.635691921004845,9.840959229321038,0.000833313,2.0,4.0,8.24681295,180.0
Infusion,44631.0,4.9857312619655785,4.164922327460561,0.0034176351,2.00068116,4.0000002,6.006279,29.8121076
